Title,Views,Likes
HOW IS THIS POSSIBLE? ğŸ˜± #shorts,88640515,3189467
"as you asked me, the 3D Printed Scissor Snake is still growing ğŸ˜…",218608659,2456566
One-Minute Trick to Stop Procrastinating for Good,354807,15183
AviatorÂ® XproÂ® - Controlling Sclerotinia in Canola - 3:23,481531,0
Why The Batman Is NOT What You Expect,266694,3828
The Interview,822542,26
A Different Man | Official Trailer HD | A24,729170,17951
Seeding Bright Futures for Rural Communties | Grow Communities 2022,4552405,7
How to organize your cords | #NextUpgrade,289730,19
JD Vance accepts the vice presidential nomination at the RNC,334827,29603
Dramatic moment Ukrainian fighters open fire in Russian trenches captured in heart-stopping footage,253273,4503
Former President Trump arrives at RNC days after assassination attempt,281420,16402
Rolls Royce Phantom 2018 HOW IT'S MADE - Best LUXURY Hand Made Ever?,303225,3157
Non V badge Vs V Badge Legends ğŸ˜ˆğŸŒ #foryou #foryoubage #freefirehighlights #freefire #gtk111,253684,29832
Congress will 'move quickly' to get answers on Trump assassination attempt: Speaker Johnson,159586,4235
Cost of PC Aesthetics?,102838,10859
"Runner risks it all for the win, a breakdown #sports #baseball #mlb #pitching #catching #baserunning",64751,3208
Mission failedğŸ—¿ #gacha #gachaclub #gachatrend #gachalife #viral #gachaedit #edit #memes #gachameme,130924,0
Antarctica causes so many problems for Flat Earth,60166,5080
GalaxyxTXT: â€˜Open Always Winsâ€™ | Samsung,279414,58835
Better Saffron Than Sorry,0,6
Chained Together is Actually Fun,371346,13576
Voice Actors who are Everywhere- Part 107 #voiceactors,175966,30442
Source to Sea down the River Thames - Day 18,35655,2776
Why Buy Travel Insurance?,4423149,121
The Gift of Grace,0,26
so about that new Zombies update....,65158,2974
Roblox Horror Games Were A Mistake... (Pressure),78547,6655
HOYOVERSE JUST NERFED NEUVILLETTE,63372,7541
Biden Simp Jack Black Forced to CANCEL Tour as Band JOKES About Trump Shooting On Stage | 'DEPORT',147736,10271
Feixiao | Extraterrestrial Satellite Communication,244541,26755
Panda reacts to â€œDodge tipsâ€ ğŸ¤¯,120749,12293
I wish I had YTLukeys *ONE SHOT* KV INHIBITOR ClassğŸ˜® Setup at the end,388513,13907
Lyrics ONLY Lil Wayne Would Say,65290,5474
This Pup Is In Love With His Blind Foster Kittens | The Dodo,367531,49817
that's triple kill ğŸ˜­ #enhypen #jungwon #sunoo #sunghoon #jay,69881,11731
Demon BoyğŸ‘¿ or Ocean BoyğŸŒŠ Who is True Love??â¤ï¸â¤ï¸| Toca Sad Story | Toca Life World | Toca Boca,511133,30866
"""Hair's fine, but it's a little bloody"" ğŸ˜‚",98699,9509
The scary truth about peer pressure.. #viral,453090,25785
BACK TO SCHOOL HACKS! || Funny DIY Ideas With School Supplies by 123 Go! Live,1880571,7741
Napkin Problemsâ€¦,288683,19675
Mudiya nÃ¨ thod diya dil |  #adityakhatri #youtubeshorts #viralvideos #dance #cute #shots #vibes,58869,7133
What pleases God #god #christian #faith #prayer #relatable,67206,11890
Top 10 Gifts For Gamers (That They Will Actually Like!),525964,7824
#ytshort #contentcreator  #trending #youtubeshorts #viral #foryou #india,367241,38157
You did the crime you do the time ğŸ¤£ #foryou #friends #funny #tiktok #comedy #acting #bestfriend,38730,4942
A granny knew her granddaughter wouldn't take money from her #shorts,253224,10991
Chapter Four,0,24
The player can spot daddy issues a mile awayâ€¦,104432,16936
Can We Improve This Drawing? - Day 39,106836,27723
